email,subject,message
paulo@gmail.com,hhhh,hhhhhhhhhhhhhhhhhhhhhhhhhhhhh

paulo@gmail.com,hhhh,hhhhhhhhhhhhhhhhhhhhhhhhhhhhh

paulo@gmail.com,hhhh,hhhhhhhhhhhhhhhhhhhhhhhhhhhhh

paulo@gmail.com,hhhh,bbbbbbbbb
paulo@gmail.com,hhhh,bbbbbbbbbbbbbbbbbbbbbbbbbbbbbbbbbbbbbbbbbbbbbbbbbbbbbbbbbbbbbbbbbbbbbbbbbbbbb
paulo@gmail.com,hhhh,bbbbbbbbbbbbbbbbbbbbbbbbbbbbbbbbbbbbbbbbbbbbbbbbbbbbbbbbbbbbbbbbbbbbbbbbbbbbbbbbbbbbbbbbbbbbbbbbbbbbbbbbbbbbbbbbbbbbbbbbbbbbbbbbbbbbbbbbbbbbbbbbbbbbbbbbbbbbbbbbbbbbbbbbbbbbbbbbbbbbbbbbbbbbb
paulo@gmail.com,h,hhhhhhhhhhhhhhhhhhh
paulo@gmail.com,appreciation,rrrrrrrrrrrrrrrrrr
nnnnnnn@ggjjh.com,ddddg,gggg
nnnnnnn@ggjjh.com,salamu,mamboo
nelsonkimambo@gmail.com,234,vvvvvvvvvvvvvvvv
